City_ID,City,Cloudiness,Country,Date,Humidity,Lat,Lng,Max Temp,Wind Speed
0,poli,20,TZ,1590356558,88,-3.33,36.8,68.0,11.41
1,lata,100,PT,1590356558,84,40.16,-8.33,64.99,1.99
2,severo-kurilsk,100,RU,1590356558,90,50.68,156.12,39.94,7.85
3,dikson,82,RU,1590356558,97,73.51,80.55,29.41,8.88
4,yellowknife,20,CA,1590356559,45,62.46,-114.35,46.4,3.36
5,new norfolk,10,AU,1590356559,79,-42.78,147.06,46.0,1.86
6,nanortalik,44,GL,1590356559,82,60.14,-45.24,41.85,11.79
7,brainerd,90,US,1590356560,60,46.36,-94.2,71.6,4.7
8,busselton,94,AU,1590356560,67,-33.65,115.33,59.0,34.43
9,georgetown,20,MY,1590356362,94,5.41,100.34,78.8,2.24
10,ushuaia,75,AR,1590356401,70,-54.8,-68.3,44.6,14.99
11,havre-saint-pierre,1,CA,1590356561,32,50.23,-63.6,55.4,11.41
12,mataura,86,NZ,1590356561,93,-46.19,168.86,49.48,0.63
13,puerto ayora,75,EC,1590356561,78,-0.74,-90.35,77.0,20.8
14,deniliquin,0,AU,1590356394,89,-35.53,144.97,45.0,7.0
15,bukama,0,CD,1590356562,58,-9.2,25.85,68.05,2.42
16,vaini,40,TO,1590356563,78,-21.2,-175.2,77.0,4.7
17,puerto lleras,100,CO,1590356563,93,3.02,-73.4,79.23,3.31
18,avarua,17,CK,1590356564,94,-21.21,-159.78,78.8,5.82
19,porbandar,0,IN,1590356564,86,21.64,69.61,81.73,13.47
20,fukue,93,JP,1590356565,87,32.69,128.84,68.5,1.83
21,touros,75,BR,1590356565,100,-5.2,-35.46,73.4,4.7
22,east london,0,ZA,1590356565,33,-33.02,27.91,72.59,10.98
23,youghal,20,IE,1590356566,93,51.95,-7.85,53.01,5.82
24,russell,1,US,1590356566,52,32.35,-85.2,89.6,6.93
25,hilo,90,US,1590356566,61,19.73,-155.09,80.6,3.36
26,ilulissat,99,GL,1590356566,80,69.22,-51.1,35.6,4.7
27,hithadhoo,88,MV,1590356567,76,-0.6,73.08,83.3,7.0
28,los llanos de aridane,75,ES,1590356567,83,28.66,-17.92,78.01,11.41
29,tilichiki,23,RU,1590356567,89,60.47,166.1,34.7,3.98
30,rikitea,89,PF,1590356568,73,-23.12,-134.97,71.4,23.78
31,wum,100,CM,1590356568,96,6.38,10.07,66.22,2.37
32,gamba,100,GA,1590356568,90,-2.65,10.0,78.78,5.57
33,hambantota,98,LK,1590356568,83,6.12,81.12,81.99,18.28
34,bluff,69,NZ,1590356569,83,-46.6,168.33,50.02,12.3
35,punta arenas,90,CL,1590356556,93,-53.15,-70.92,42.8,6.93
36,dakar,40,SN,1590356465,83,14.69,-17.44,71.6,9.17
37,chokurdakh,100,RU,1590356569,99,70.63,147.92,33.12,5.12
38,petropavlovsk-kamchatskiy,75,RU,1590356517,65,53.05,158.65,46.4,6.71
39,barrow,90,US,1590356402,97,71.29,-156.79,32.0,11.41
40,bathsheba,20,BB,1590356570,66,13.22,-59.52,84.2,14.99
41,aripuana,71,BR,1590356570,79,-9.17,-60.63,73.99,1.63
42,machico,99,PT,1590356570,46,32.7,-16.77,73.4,21.92
43,kodiak,40,US,1590356571,50,57.79,-152.41,53.6,18.34
44,kropotkin,0,RU,1590356571,76,45.44,40.58,47.41,4.0
45,poum,100,NC,1590356572,80,-20.23,164.02,68.65,14.27
46,nanyuki,43,KE,1590356572,83,0.02,37.07,56.34,6.02
47,cape town,20,ZA,1590356569,82,-33.93,18.42,63.0,11.41
48,mar del plata,100,AR,1590356573,87,-38.0,-57.56,57.0,14.99
49,san cristobal,20,VE,1590356573,29,7.77,-72.22,98.6,18.34
50,carnarvon,45,AU,1590356573,62,-24.87,113.63,68.68,20.24
51,atuona,16,PF,1590356573,77,-9.8,-139.03,80.87,12.12
52,vila franca do campo,20,PT,1590356574,82,37.72,-25.43,66.2,12.75
53,bredasdorp,100,ZA,1590356574,81,-34.53,20.04,51.8,5.82
54,omboue,98,GA,1590356574,89,-1.57,9.26,78.21,10.94
55,oshawa,1,CA,1590356322,60,43.9,-78.85,75.99,12.75
56,talakan,100,RU,1590356575,89,50.32,130.37,47.44,5.37
57,messina,45,IT,1590356539,60,38.19,15.55,69.01,16.11
58,upernavik,100,GL,1590356575,96,72.79,-56.15,29.37,9.37
59,isangel,75,VU,1590356576,94,-19.55,169.27,73.4,7.61
60,laguna,1,US,1590356576,16,38.42,-121.42,90.0,8.05
61,cidreira,85,BR,1590356576,73,-30.18,-50.21,59.18,15.48
62,hobart,75,AU,1590356420,70,-42.88,147.33,46.4,6.93
63,tasiilaq,100,GL,1590356577,60,65.61,-37.64,39.2,8.05
64,ovre ardal,97,NO,1590356577,83,61.32,7.8,38.73,1.63
65,chimbote,21,PE,1590356577,77,-9.09,-78.58,68.68,8.14
66,mount isa,18,AU,1590356577,75,-20.73,139.5,46.4,9.93
67,lagoa,100,PT,1590356577,94,39.05,-27.98,64.69,14.94
68,havelock,64,US,1590356578,77,34.88,-76.9,81.0,11.99
69,kavaratti,69,IN,1590356578,75,10.57,72.64,85.1,9.15
70,isla mujeres,40,MX,1590356578,88,21.23,-86.73,82.99,8.05
71,qaanaaq,0,GL,1590356579,92,77.48,-69.36,31.91,1.3
72,victor harbor,16,AU,1590356579,89,-35.57,138.62,46.99,1.01
73,saint-philippe,90,RE,1590356579,73,-21.36,55.77,69.8,8.05
74,butaritari,85,KI,1590356579,78,3.07,172.79,83.12,9.53
75,norman wells,20,CA,1590356580,44,65.28,-126.83,60.8,14.99
76,cherskiy,0,RU,1590356580,66,68.75,161.3,38.5,4.45
77,ponta delgada,20,PT,1590356308,82,37.73,-25.67,66.2,12.75
78,saskylakh,91,RU,1590356581,90,71.92,114.08,46.8,9.66
79,ribeira grande,100,PT,1590356581,90,38.52,-28.7,65.55,14.09
80,opuwo,0,NA,1590356582,57,-18.06,13.84,56.39,1.34
81,talnakh,75,RU,1590356582,100,69.49,88.4,33.8,22.37
82,okha,51,RU,1590356582,86,53.57,142.95,38.28,3.38
83,daloa,67,CI,1590356582,94,6.88,-6.45,74.25,2.62
84,saint-louis,0,SN,1590356583,34,16.33,-15.0,95.0,4.7
85,provideniya,72,RU,1590356583,69,64.38,-173.3,39.2,4.47
86,lagunas,68,PE,1590356583,77,-5.23,-75.68,78.33,5.88
87,saint-augustin,0,CA,1590356583,40,51.23,-58.65,55.09,8.3
88,porgera,81,PG,1590356584,100,-5.47,143.2,43.34,1.28
89,porto calvo,75,BR,1590356584,100,-9.04,-35.4,73.4,3.36
90,clyde river,90,CA,1590356584,86,70.47,-68.59,26.6,12.75
91,ketchikan,90,US,1590356585,76,55.34,-131.65,53.6,17.22
92,kailua,40,US,1590356506,65,21.4,-157.74,84.2,9.17
93,kachiry,74,KZ,1590356585,72,53.07,76.1,67.71,8.81
94,lavrentiya,48,RU,1590356585,92,65.58,-171.0,34.27,7.49
95,rosetta,0,EG,1590356586,68,31.4,30.42,65.41,15.66
96,nome,20,US,1590356407,54,64.5,-165.41,55.4,12.75
97,tiznit,0,MA,1590356586,25,29.58,-9.5,82.49,1.57
98,ibra,3,OM,1590356587,77,22.69,58.53,78.53,0.09
99,ko samui,100,TH,1590356588,73,9.54,99.94,85.05,6.62
100,vao,100,NC,1590356588,78,-22.67,167.48,73.54,12.57
101,samarai,53,PG,1590356588,84,-10.62,150.67,80.02,7.87
102,nantucket,90,US,1590356588,76,41.28,-70.1,53.6,13.87
103,kaseda,75,JP,1590356589,100,31.42,130.32,62.6,3.36
104,payson,40,US,1590356589,29,40.04,-111.73,62.6,11.41
105,victoria,80,HK,1590356558,83,22.29,114.16,80.01,8.01
106,chutove,89,UA,1590356589,86,49.71,35.16,46.54,4.59
107,moree,0,AU,1590356590,87,-29.47,149.85,44.6,1.03
108,albany,34,US,1590356590,33,42.6,-73.97,78.01,1.01
109,novouzensk,92,RU,1590356590,67,50.46,48.14,54.99,2.39
110,makat,0,KZ,1590356591,53,47.65,53.35,65.68,14.94
111,hermanus,99,ZA,1590356591,86,-34.42,19.23,59.0,10.0
112,hobyo,0,SO,1590356591,72,5.35,48.53,83.44,25.34
113,srandakan,77,ID,1590356591,86,-7.94,110.25,77.34,3.27
114,roald,34,NO,1590356592,87,62.58,6.13,51.01,11.41
115,brigantine,90,US,1590356592,72,39.41,-74.36,60.8,13.87
116,esperance,90,AU,1590356592,66,-33.87,121.9,55.4,26.4
117,den helder,75,NL,1590356592,87,52.96,4.76,57.0,10.29
118,saldanha,100,ZA,1590356593,82,-33.01,17.94,55.4,2.24
119,sovetskaya gavan,100,RU,1590356593,91,48.97,140.29,41.43,8.19
120,kintampo,93,GH,1590356593,72,8.06,-1.73,78.89,4.94
121,port alfred,0,ZA,1590356593,89,-33.59,26.89,60.01,1.99
122,porto santo,76,PT,1590356594,77,33.07,-16.34,66.2,16.11
123,arona,4,ES,1590356594,78,28.1,-16.68,75.0,2.24
124,sitka,90,US,1590356594,87,57.05,-135.33,48.2,9.17
125,matamoros,20,MX,1590356595,9,25.53,-103.25,95.0,4.7
126,jamestown,90,US,1590356510,54,42.1,-79.24,78.8,8.05
127,hede,100,CN,1590356595,67,33.77,120.25,64.72,3.49
128,namibe,0,AO,1590356595,64,-15.2,12.15,74.35,6.53
129,souillac,40,MU,1590356596,88,-20.52,57.52,69.8,3.36
130,kalaleh,90,IR,1590356596,100,37.38,55.49,60.8,4.7
131,ostrovnoy,100,RU,1590356596,86,68.05,39.51,38.8,8.32
132,bubaque,0,GW,1590356597,82,11.28,-15.83,79.66,13.11
133,ogulin,3,HR,1590356597,51,45.27,15.23,60.8,1.12
134,lorengau,89,PG,1590356597,73,-2.02,147.27,83.7,2.89
135,leshukonskoye,13,RU,1590356598,69,64.9,45.76,40.66,3.98
136,beni suef,0,EG,1590356598,51,29.07,31.1,63.37,11.9
137,tiksi,99,RU,1590356598,95,71.69,128.87,38.84,3.94
138,yar-sale,0,RU,1590356599,80,66.83,70.83,35.69,10.69
139,ust-ishim,92,RU,1590356599,98,57.69,71.17,59.7,2.89
140,goose creek,40,US,1590356311,78,32.98,-80.03,86.0,6.93
141,guerrero negro,4,MX,1590356600,56,27.98,-114.06,69.03,17.49
142,hervey bay,0,AU,1590356600,76,-25.3,152.85,53.01,5.99
143,tura,96,IN,1590356597,96,25.52,90.22,74.28,11.95
144,svetlaya,100,RU,1590356601,91,46.54,138.33,44.6,11.95
145,paamiut,31,GL,1590356601,89,61.99,-49.67,36.23,24.72
146,chuy,61,UY,1590356601,75,-33.7,-53.46,53.96,12.19
147,camalu,0,MX,1590356602,52,30.85,-116.07,70.0,8.01
148,mehamn,46,NO,1590356602,61,71.04,27.85,46.4,12.75
149,half moon bay,1,US,1590356602,72,37.46,-122.43,87.01,11.41
150,pisco,20,PE,1590356603,82,-13.7,-76.22,66.99,9.17
151,katsuura,21,JP,1590356603,90,35.13,140.3,69.01,4.76
152,mandera,0,KE,1590356603,61,3.94,41.87,81.55,12.77
153,avera,1,US,1590356603,52,33.19,-82.53,88.0,4.7
154,sinnamary,100,GF,1590356604,88,5.38,-52.95,78.76,7.11
155,san nicolas,75,PH,1590356604,100,18.17,120.6,75.2,4.7
156,bilibino,47,RU,1590356604,89,68.05,166.44,30.11,5.28
157,rapid valley,40,US,1590356604,50,44.06,-103.15,60.8,25.28
158,castro,100,BR,1590356605,80,-24.79,-50.01,53.89,2.19
159,san policarpo,99,PH,1590356605,86,12.18,125.51,81.66,5.93
160,heyang,98,CN,1590356605,93,26.1,107.47,63.14,4.12
161,muniz freire,97,BR,1590356605,94,-20.46,-41.41,66.61,1.54
162,tuktoyaktuk,40,CA,1590356606,60,69.45,-133.04,42.8,17.22
163,sanchor,5,IN,1590356606,49,24.76,71.77,82.45,7.74
164,mitu,99,CO,1590356606,87,1.2,-70.17,78.71,0.36
165,alofi,98,NU,1590356606,83,-19.06,-169.92,78.8,8.05
166,deleni,59,RO,1590356607,76,47.47,26.88,52.0,12.75
167,arraial do cabo,75,BR,1590356427,93,-22.97,-42.03,66.2,8.05
168,giddalur,12,IN,1590356607,76,15.35,78.92,82.17,1.01
169,sao filipe,0,CV,1590356608,72,14.9,-24.5,73.99,8.3
170,lake charles,75,US,1590356400,58,30.21,-93.2,87.8,12.75
171,pevek,95,RU,1590356609,94,69.7,170.31,29.39,1.66
172,kalmunai,98,LK,1590356609,83,7.42,81.82,82.26,4.54
173,padang,61,ID,1590356609,67,-0.95,100.35,79.54,2.8
174,nabire,100,ID,1590356610,90,-3.37,135.48,76.35,4.85
175,taoudenni,0,ML,1590356610,25,22.68,-3.98,84.76,0.74
176,pauini,98,BR,1590356610,74,-7.71,-66.98,71.35,2.75
177,chapais,1,CA,1590356611,23,49.78,-74.85,82.4,10.29
178,hofn,100,IS,1590356611,91,64.25,-15.21,48.43,25.1
179,canutama,92,BR,1590356611,77,-6.53,-64.38,75.2,2.33
180,hanyang,92,CN,1590356611,75,32.14,105.51,54.0,11.01
181,pundaguitan,89,PH,1590356612,77,6.37,126.17,83.34,9.46
182,puerto leguizamo,89,CO,1590356612,92,-0.19,-74.78,79.56,1.43
183,airai,92,TL,1590356612,100,-8.93,125.41,60.1,2.51
184,yuzhno-sukhokumsk,100,RU,1590356612,53,44.66,45.64,59.04,0.76
185,pirajui,20,BR,1590356613,79,-22.0,-49.46,57.0,1.99
186,bethel,1,US,1590356604,56,41.37,-73.41,69.01,9.17
187,latung,71,PH,1590356613,78,5.5,120.88,84.18,6.24
188,mana,100,GF,1590356614,89,5.66,-53.78,78.67,6.49
189,khor,98,RU,1590356614,92,47.89,134.95,53.56,3.78
190,poya,100,NC,1590356614,86,-21.35,165.15,68.13,4.83
191,puerto carreno,40,CO,1590356614,52,6.19,-67.49,91.4,4.7
192,kirovsk,0,UA,1590356615,86,48.64,38.64,45.72,4.43
193,san jeronimo,97,PE,1590356615,61,-11.95,-75.28,56.55,4.7
194,port moresby,75,PG,1590356616,94,-9.44,147.18,77.0,3.36
195,turochak,99,RU,1590356616,91,52.26,87.12,53.26,2.19
196,shingu,56,JP,1590356616,76,33.73,135.98,66.88,3.13
197,ambon,40,ID,1590356616,94,-3.7,128.18,77.0,6.93
198,bengkulu,65,ID,1590356617,80,-3.8,102.27,77.16,4.47
199,thompson,75,CA,1590356617,36,55.74,-97.86,64.4,14.99
200,lac du bonnet,100,CA,1590356617,45,50.25,-96.06,63.0,11.01
201,bay roberts,35,CA,1590356618,100,47.6,-53.26,46.99,5.99
202,madimba,40,TZ,1590356618,88,-10.4,40.33,75.2,10.29
203,ponta do sol,64,PT,1590356618,44,32.67,-17.1,73.0,5.73
204,hazorasp,0,UZ,1590356618,36,41.32,61.07,75.2,6.93
205,yarada,13,IN,1590356619,84,17.65,83.27,84.42,12.68
206,aklavik,5,CA,1590356619,75,68.22,-135.01,55.4,12.75
207,dehloran,38,IR,1590356619,14,32.69,47.27,92.61,5.61
208,rawson,66,AR,1590356620,62,-43.3,-65.1,56.89,22.57
209,cahors,0,FR,1590356620,67,44.42,1.33,60.01,3.36
210,port elizabeth,2,ZA,1590356620,93,-33.92,25.57,50.0,5.82
211,kapaa,1,US,1590356620,74,22.08,-159.32,81.0,8.05
212,hovd,1,MN,1590356621,37,48.01,91.64,54.63,2.8
213,genhe,68,CN,1590356386,75,50.78,121.52,44.37,4.47
214,tahoua,44,NE,1590356621,29,14.89,5.27,91.4,11.41
215,mackay,0,AU,1590356578,93,-21.15,149.2,46.4,4.7
216,normandin,75,CA,1590356622,21,48.83,-72.53,80.6,8.05
217,hamilton,75,US,1590356622,64,39.18,-84.53,81.0,18.34
218,kaka,0,TM,1590356623,41,37.35,59.61,77.59,8.52
219,sao paulo de olivenca,100,BR,1590356623,96,-3.38,-68.87,74.08,5.21
220,mersin,0,TR,1590356624,28,36.86,34.65,68.0,16.11
221,dingle,100,PH,1590356624,83,11.0,122.67,81.03,1.3
222,rurrenabaque,0,BO,1590356625,62,-14.44,-67.53,66.2,1.86
223,codrington,12,AU,1590356625,92,-38.27,141.97,43.43,8.86
224,cravo norte,100,CO,1590356625,76,6.3,-70.2,83.98,2.82
225,zyryanka,94,RU,1590356625,61,65.75,150.85,45.19,1.5
226,kaoma,11,ZM,1590356626,54,-14.78,24.8,58.05,4.38
227,ziro,100,IN,1590356626,100,27.63,93.83,56.3,0.18
228,port shepstone,0,ZA,1590356626,51,-30.74,30.45,67.19,6.76
229,lima,90,PE,1590356486,82,-12.04,-77.03,64.4,4.7
230,usinsk,0,RU,1590356627,74,65.99,57.53,39.25,10.71
231,khatanga,100,RU,1590356628,80,71.97,102.5,49.78,11.05
232,nyurba,54,RU,1590356628,55,63.28,118.33,61.38,4.32
233,saint george,1,US,1590356566,13,37.1,-113.58,75.2,10.31
234,teya,35,RU,1590356628,87,60.38,92.63,51.53,4.34
235,aviles,40,ES,1590356629,82,43.55,-5.92,59.0,9.17
236,luderitz,3,NA,1590356629,93,-26.65,15.16,57.2,3.36
237,corrente,71,BR,1590356630,96,-3.74,-43.34,75.33,1.36
238,sioux lookout,90,CA,1590356630,60,50.1,-91.92,71.6,5.82
239,bujaru,75,BR,1590356630,94,-1.51,-48.04,78.8,8.05
240,george town,20,MY,1590356630,94,5.41,100.34,78.8,2.24
241,baykit,43,RU,1590356631,69,61.67,96.37,55.74,5.77
242,kiama,100,AU,1590356631,86,-34.68,150.87,55.99,7.0
243,bemidji,75,US,1590356631,72,47.47,-94.88,66.2,6.93
244,general roca,47,AR,1590356632,20,-39.03,-67.58,73.4,19.46
245,biak,87,ID,1590356632,81,-0.91,122.88,78.19,4.59
246,lebu,96,CL,1590356633,98,-37.62,-73.65,58.73,3.87
247,ancud,76,CL,1590356633,76,-41.87,-73.82,53.01,3.36
248,sibu,75,MY,1590356633,94,2.3,111.82,78.8,2.24
249,faanui,100,PF,1590356634,82,-16.48,-151.75,81.57,18.79
250,torbay,40,CA,1590356634,65,47.67,-52.73,42.01,13.87
251,jinka,40,ET,1590356634,88,5.65,36.65,64.27,2.19
252,guaruja,41,BR,1590356634,64,-23.99,-46.26,70.0,5.01
253,yeppoon,0,AU,1590356635,93,-23.13,150.73,44.6,2.24
254,salihorsk,100,BY,1590356358,93,52.79,27.54,46.58,2.93
255,aitape,68,PG,1590356635,83,-3.14,142.35,81.72,2.86
256,basco,98,PH,1590356635,81,20.45,121.97,83.25,17.85
257,znamenskoye,100,RU,1590356636,94,57.13,73.83,58.84,2.8
258,whitehorse,75,CA,1590356604,31,60.72,-135.05,60.8,19.46
259,port hedland,90,AU,1590356636,100,-20.32,118.57,73.4,14.99
260,lompoc,1,US,1590356636,56,34.64,-120.46,72.0,11.41
261,macheng,100,CN,1590356637,53,31.18,115.03,70.34,6.4
262,salamiyah,18,SY,1590356637,49,35.01,37.05,59.97,17.31
263,rio grande,73,BR,1590356637,79,-32.03,-52.1,55.0,13.06
264,huilong,100,CN,1590356637,90,31.81,121.66,71.01,1.07
265,cabo san lucas,5,MX,1590356638,39,22.89,-109.91,86.0,11.41
266,hasaki,75,JP,1590356638,88,35.73,140.83,66.2,3.36
267,namatanai,98,PG,1590356638,75,-3.67,152.43,82.67,3.33
268,nuuk,33,GL,1590356638,86,64.18,-51.72,33.8,13.87
269,yulara,100,AU,1590356605,65,-25.24,130.99,46.4,5.82
270,osakarovka,0,KZ,1590356640,47,50.56,72.57,69.94,5.5
271,antofagasta,20,CL,1590356640,77,-23.65,-70.4,59.0,10.29
272,haines junction,75,CA,1590356640,50,60.75,-137.51,55.0,14.47
273,geraldton,75,AU,1590356420,72,-28.77,114.6,64.4,26.4
274,halifax,51,CA,1590356404,26,44.65,-63.57,59.0,1.99
275,treinta y tres,100,UY,1590356641,76,-33.23,-54.38,53.19,13.94
276,biryusinsk,7,RU,1590356641,73,55.96,97.82,56.82,5.03
277,salalah,40,OM,1590356642,84,17.02,54.09,86.0,3.36
278,sorong,29,ID,1590356642,86,-0.88,131.25,78.98,6.02
279,nevesinje,1,BA,1590356642,87,43.26,18.11,44.13,9.55
280,kihei,40,US,1590356485,51,20.79,-156.47,84.2,16.11
281,praia da vitoria,40,PT,1590356643,88,38.73,-27.07,66.2,7.92
282,piacabucu,1,BR,1590356643,84,-10.41,-36.43,77.92,8.46
283,kemijarvi,99,FI,1590356643,78,66.71,27.43,43.59,3.29
284,oudtshoorn,72,ZA,1590356644,87,-33.59,22.2,53.6,2.24
285,santa cruz cabralia,75,BR,1590356644,83,-16.28,-39.02,78.8,6.93
286,presidente medici,100,BR,1590356644,84,-11.18,-61.9,67.24,1.28
287,sao felix do xingu,13,BR,1590356644,82,-6.64,-51.99,77.49,2.51
288,longyearbyen,75,SJ,1590356645,60,78.22,15.64,41.0,11.41
289,kalianget,27,ID,1590356645,82,-7.05,113.93,81.01,2.51
290,fairbanks,90,US,1590356402,51,64.84,-147.72,60.8,4.7
291,zubova polyana,84,RU,1590356645,93,54.08,42.84,43.34,4.83
292,camargo,0,MX,1590356646,10,27.67,-105.17,91.17,11.32
293,corinto,0,GR,1590356646,65,37.94,22.96,66.99,1.01
294,caravelas,0,BR,1590356646,93,-17.71,-39.25,74.77,3.11
295,ouallam,24,NE,1590356646,22,14.32,2.09,92.64,3.04
296,ahipara,100,NZ,1590356647,91,-35.17,173.17,65.8,10.56
297,south lake tahoe,1,US,1590356378,25,38.93,-119.98,73.4,9.17
298,sambava,0,MG,1590356647,84,-14.27,50.17,69.93,10.71
299,singaparna,42,ID,1590356648,87,-7.35,108.11,72.18,2.19
300,surovikino,45,RU,1590356648,79,48.61,42.85,48.2,4.97
301,shelton,1,US,1590356649,67,41.32,-73.09,68.0,10.29
302,indian head,90,US,1590356649,77,38.6,-77.16,66.0,5.82
303,kargasok,98,RU,1590356650,64,59.06,80.86,57.42,5.12
304,berlevag,59,NO,1590356650,87,70.86,29.09,43.79,18.52
305,port lincoln,72,AU,1590356496,72,-34.73,135.87,52.25,4.94
306,cabra,100,ES,1590356651,44,37.47,-4.44,73.99,6.15
307,inuvik,5,CA,1590356651,59,68.35,-133.72,55.4,12.75
308,mahebourg,40,MU,1590356651,88,-20.41,57.7,69.8,3.36
309,vardo,88,NO,1590356651,92,70.37,31.11,42.8,6.93
310,kondinskoye,88,RU,1590356652,95,59.65,67.41,48.74,5.23
311,teguldet,98,RU,1590356652,96,57.31,88.17,52.02,3.76
312,rocha,75,UY,1590356652,55,-34.48,-54.33,56.55,13.49
313,vysokogornyy,67,RU,1590356652,73,50.12,139.15,43.81,4.09
314,carol stream,1,US,1590356653,48,41.91,-88.13,90.0,3.36
315,coquimbo,75,CL,1590356653,93,-29.95,-71.34,53.6,10.29
316,tuatapere,96,NZ,1590356653,90,-46.13,167.68,50.4,4.16
317,todos santos,0,MX,1590356653,76,23.45,-110.22,68.0,8.01
318,acapulco,20,MX,1590356473,70,16.86,-99.89,84.2,13.87
319,vila velha,20,BR,1590356654,83,-20.33,-40.29,78.8,3.36
320,key west,75,US,1590356411,70,24.56,-81.78,87.8,13.87
321,flinders,100,AU,1590356654,80,-34.58,150.86,55.99,7.0
322,plettenberg bay,57,ZA,1590356655,78,-34.05,23.37,57.33,2.93
323,umm kaddadah,96,SD,1590356655,21,13.6,26.69,96.71,8.55
324,acobamba,96,PE,1590356655,69,-11.35,-75.66,54.41,4.85
325,miranda,75,CO,1590356656,55,3.25,-76.23,87.8,9.17
326,asau,48,RO,1590356656,88,46.43,26.4,48.0,6.04
327,arlit,84,NE,1590356656,19,18.74,7.39,94.42,10.18
328,mao,12,ES,1590356535,63,39.89,4.27,62.6,1.12
329,muli,100,MV,1590356656,79,2.92,73.57,84.56,19.1
330,houma,40,US,1590356657,62,29.6,-90.72,88.0,13.87
331,kalabo,16,ZM,1590356657,48,-14.97,22.68,61.23,5.53
332,kuandian,36,CN,1590356499,84,40.73,124.78,55.4,0.89
333,mufulira,0,ZM,1590356658,75,-12.55,28.24,56.61,4.36
334,damaturu,100,NG,1590356658,48,11.75,11.96,86.77,14.61
335,belebey,56,RU,1590356658,91,54.12,54.12,50.31,6.49
336,novoseleznevo,26,RU,1590356659,73,55.68,69.21,67.8,5.37
337,yerofey pavlovich,19,RU,1590356659,60,53.97,121.97,51.44,6.22
338,camacupa,25,AO,1590356659,57,-12.02,17.48,60.31,3.6
339,bandar-e lengeh,5,IR,1590356660,74,26.56,54.88,82.4,4.74
340,palasa,13,IN,1590356660,87,18.77,84.42,81.7,11.12
341,coihaique,20,CL,1590356660,70,-45.58,-72.07,46.4,3.36
342,kavieng,74,PG,1590356660,75,-2.57,150.8,83.05,4.05
343,marsh harbour,100,BS,1590356661,78,26.54,-77.06,77.61,16.04
344,leningradskiy,99,RU,1590356661,97,69.38,178.42,30.47,12.03
345,le port,20,RE,1590356661,68,-20.94,55.29,71.6,10.29
346,dukat,100,RU,1590356661,98,62.55,155.55,31.33,4.03
347,tiarei,40,PF,1590356662,66,-17.53,-149.33,86.0,5.82
348,meulaboh,100,ID,1590356662,96,4.14,96.13,75.56,8.84
349,bud,1,US,1590356662,62,39.45,-86.18,84.2,4.7
350,mildura,0,AU,1590356663,93,-34.2,142.15,42.8,6.93
351,karratha,86,AU,1590356663,73,-20.74,116.85,73.38,18.68
352,thinadhoo,100,MV,1590356663,77,0.53,72.93,83.62,10.54
353,the valley,20,AI,1590356524,66,18.22,-63.06,86.0,10.29
354,agadez,77,NE,1590356664,19,19.75,10.25,92.26,11.34
355,mporokoso,0,ZM,1590356664,71,-9.37,30.12,57.07,4.29
356,choctaw,20,US,1590356664,61,35.5,-97.27,86.0,12.75
357,auki,81,SB,1590356665,76,-8.77,160.7,82.44,3.44
358,nautanwa,81,IN,1590356665,51,27.43,83.42,83.39,6.17
359,hastings,97,GB,1590356665,75,50.86,0.57,59.0,1.01
360,galveston,100,US,1590356583,75,29.37,-94.97,87.01,4.0
361,santiago,0,CL,1590356387,17,-33.46,-70.65,78.8,3.36
362,fort nelson,75,CA,1590356412,34,58.81,-122.7,68.0,5.82
363,estevan,90,CA,1590356666,47,49.13,-102.98,59.0,17.22
364,kotido,86,UG,1590356667,81,2.98,34.13,69.3,1.88
365,kvam,11,NO,1590356667,73,61.67,9.69,41.81,5.5
366,labuhan,65,ID,1590356667,87,-6.88,112.21,80.02,4.7
367,champerico,40,GT,1590356667,63,14.3,-91.92,93.2,9.17
368,lillooet,75,CA,1590356668,45,50.69,-121.94,66.2,14.99
369,bam,8,IR,1590356668,17,29.11,58.36,83.66,7.99
370,lundazi,0,ZM,1590356668,83,-12.29,33.18,58.48,5.59
371,nicolet,1,CA,1590356668,23,46.22,-72.62,77.0,9.17
372,ninh binh,96,VN,1590356669,94,20.25,105.97,79.11,1.77
373,noyabrsk,95,RU,1590356669,73,63.2,75.45,49.21,8.5
374,struer,95,DK,1590356669,90,56.49,8.58,48.99,1.01
375,san pedro,75,PH,1590356670,78,14.35,121.02,82.4,3.36
376,tshane,0,BW,1590356670,37,-24.02,21.87,57.49,9.26
377,oga,81,IT,1590356670,74,46.46,10.35,48.2,1.12
378,sanghar,8,PK,1590356647,31,26.05,68.95,89.76,12.55
379,byron bay,40,AU,1590356671,71,-28.65,153.62,57.0,6.93
380,yerbogachen,93,RU,1590356671,57,61.28,108.01,62.96,3.4
381,kampot,40,KH,1590356671,94,10.62,104.18,78.8,3.36
382,nikolskoye,95,RU,1590356673,46,59.7,30.79,50.0,4.47
383,port-gentil,40,GA,1590356673,88,-0.72,8.78,82.4,4.7
384,wakkanai,100,JP,1590356673,99,45.41,141.67,49.6,9.75
385,riyadh,0,SA,1590356612,20,24.69,46.72,86.0,2.24
386,college,90,US,1590356506,51,64.86,-147.8,60.8,3.36
387,vitoria,20,BR,1590356599,83,-20.32,-40.34,78.8,3.36
388,ixtapa,5,MX,1590356674,65,20.7,-105.2,81.0,11.41
389,kahului,40,US,1590356445,51,20.89,-156.47,84.2,16.11
390,shrigonda,3,IN,1590356675,33,18.62,74.68,85.28,12.28
391,ocos,20,GT,1590356675,66,14.51,-92.19,93.2,8.05
392,kultuk,52,RU,1590356675,77,51.72,103.7,50.72,7.07
393,komsomolskiy,66,UZ,1590356676,43,40.43,71.72,73.4,6.93
394,hanzhong,100,CN,1590356676,89,33.07,107.03,55.44,1.23
395,pacific grove,1,US,1590356463,63,36.62,-121.92,82.99,6.93
396,muroto,100,JP,1590356677,76,33.28,134.15,69.12,5.48
397,praya,40,CV,1590356677,73,14.92,-23.51,73.4,14.99
398,la ronge,40,CA,1590356677,32,55.1,-105.28,68.0,8.05
399,arman,100,RU,1590356677,79,59.7,150.17,40.64,2.37
400,fortuna,20,US,1590356678,77,40.6,-124.16,64.99,17.22
401,dedza,0,MW,1590356678,83,-14.38,34.33,52.63,2.21
402,bonthe,3,SL,1590356678,83,7.53,-12.51,80.26,3.76
403,marawi,60,PH,1590356678,89,8.0,124.29,75.99,5.01
404,kasempa,0,ZM,1590356679,63,-13.46,25.83,59.07,3.67
405,koplik,75,AL,1590356679,37,42.21,19.44,68.0,13.87
406,concord,1,US,1590356634,22,37.98,-122.03,90.0,5.82
407,larkana,0,PK,1590356680,62,27.56,68.21,86.0,4.97
408,kunming,80,CN,1590356681,72,25.04,102.72,66.0,8.95
409,puerto del rosario,20,ES,1590356681,69,28.5,-13.86,75.2,6.93
410,sinjai,100,ID,1590356681,89,-5.12,120.25,76.44,1.99
411,itarema,0,BR,1590356681,88,-2.92,-39.92,78.51,7.43
412,akyab,14,MM,1590356682,78,20.15,92.9,82.33,5.06
413,chicama,12,PE,1590356682,66,-7.84,-79.15,72.7,7.58
414,kudahuvadhoo,100,MV,1590356682,78,2.67,72.89,84.7,18.23
415,hirara,45,JP,1590356683,82,24.8,125.28,77.59,8.16
416,myitkyina,94,MM,1590356683,95,25.38,97.4,72.75,0.96
417,dauriya,30,RU,1590356683,65,49.93,116.87,49.26,8.9
418,talcahuano,20,CL,1590356415,93,-36.72,-73.12,60.8,8.05
419,henties bay,0,NA,1590356684,75,-22.12,14.28,61.68,9.24
420,port blair,100,IN,1590356684,81,11.67,92.75,83.28,9.37
421,san patricio,40,MX,1590356684,83,19.22,-104.7,82.4,11.41
422,lamar,90,US,1590356684,74,33.67,-95.58,82.0,3.36
423,teknaf,35,BD,1590356684,86,20.86,92.31,79.72,8.08
424,naze,33,JP,1590356685,94,28.37,129.48,71.6,4.7
425,qaqortoq,0,GL,1590356685,30,60.72,-46.03,55.4,11.41
426,mogocha,69,RU,1590356685,59,53.73,119.77,48.49,3.69
427,kisangani,90,CD,1590356685,94,0.52,25.2,72.25,1.05
428,deolali,0,IN,1590356686,59,19.95,73.83,77.31,7.83
429,katobu,100,ID,1590356686,93,-4.94,122.53,76.48,4.94
430,kupang,20,ID,1590356686,88,-10.17,123.58,77.0,9.17
431,sao joao da barra,90,BR,1590356428,88,-21.64,-41.05,71.6,11.41
432,coacoyul,0,MX,1590356687,15,17.81,-99.11,99.0,8.01
433,manzhouli,17,CN,1590356687,64,49.6,117.43,49.37,12.64
434,kant,0,IN,1590356687,12,27.8,79.8,93.34,12.08
435,kaitangata,99,NZ,1590356688,88,-46.28,169.85,50.0,3.0
436,mishkino,87,RU,1590356688,84,55.34,63.92,65.43,6.96
437,ust-omchug,99,RU,1590356688,81,61.15,149.63,36.86,1.7
438,evansville,40,US,1590356504,54,37.97,-87.56,86.0,12.75
439,marsabit,2,KE,1590356689,74,2.33,37.99,67.32,19.15
440,strezhevoy,97,RU,1590356689,67,60.73,77.59,59.0,6.71
441,san felipe,100,VE,1590356689,59,10.34,-68.74,85.48,4.25
442,ballina,40,AU,1590356690,71,-28.87,153.57,57.0,6.93
443,kruisfontein,27,ZA,1590356690,89,-34.0,24.73,51.19,2.35
444,naryan-mar,0,RU,1590356690,80,67.67,53.09,37.31,5.64
445,antequera,88,ES,1590356690,68,37.02,-4.56,69.01,2.24
446,iki-burul,95,RU,1590356690,71,45.82,44.65,55.4,4.47
447,sucua,40,EC,1590356691,83,-2.47,-78.17,73.4,5.82
448,benguela,0,AO,1590356691,82,-12.58,13.41,73.54,1.9
449,tual,100,ID,1590356691,84,-5.67,132.75,81.01,24.52
450,sao joao da boa vista,100,BR,1590356691,88,-21.97,-46.8,51.48,3.13
451,zhigansk,45,RU,1590356692,48,66.77,123.37,60.94,7.99
452,jackson,1,US,1590356692,23,42.42,-122.83,79.0,5.82
453,saraland,20,US,1590356692,58,30.82,-88.07,88.0,10.29
454,banda aceh,100,ID,1590356692,83,5.56,95.32,78.06,12.17
455,yen bai,100,VN,1590356693,90,21.7,104.87,79.54,2.55
456,khon buri,100,TH,1590356693,82,14.53,102.25,78.22,4.9
457,peno,69,RU,1590356693,86,56.93,32.74,41.5,3.36
458,oussouye,0,SN,1590356693,83,12.48,-16.55,77.0,4.7
459,codo,59,BR,1590356694,94,-4.46,-43.89,75.74,2.21
460,athabasca,36,CA,1590356694,41,54.72,-113.29,69.55,7.87
461,iqaluit,75,CA,1590356694,74,63.75,-68.51,28.4,6.93
462,selma,0,US,1590356694,22,36.57,-119.61,86.0,7.56
463,springbok,0,ZA,1590356695,66,-29.66,17.89,50.27,5.01
464,bambous virieux,40,MU,1590356695,88,-20.34,57.76,69.8,3.36
465,eyrarbakki,20,IS,1590356695,75,63.86,-21.15,44.6,12.75
466,tessalit,0,ML,1590356696,15,20.2,1.01,81.64,5.32
467,mareeba,55,AU,1590356696,90,-17.0,145.43,54.0,1.01
468,kumano,75,JP,1590356696,77,34.34,132.59,69.8,4.7
469,mugur-aksy,75,RU,1590356697,54,50.35,90.5,47.3,3.18
470,kapasan,79,ID,1590356697,89,-6.78,111.38,77.29,3.33
471,miyako,96,JP,1590356697,88,39.64,141.95,62.1,7.49
472,seoul,90,KR,1590356625,93,37.57,126.98,59.0,3.36
473,grindavik,20,IS,1590356698,81,63.84,-22.43,44.6,11.41
474,voh,100,NC,1590356698,87,-20.97,164.7,66.74,3.98
475,oskarshamn,87,SE,1590356698,89,57.26,16.45,46.99,6.55
476,robat karim,75,IR,1590356686,31,35.48,51.08,84.2,6.93
477,masallatah,0,LY,1590356699,67,32.62,14.0,63.93,11.05
478,krasnoselkup,66,RU,1590356699,65,65.7,82.47,42.51,12.71
479,santa rosa,75,PH,1590356687,78,14.31,121.11,82.4,3.36
480,broken hill,90,AU,1590356700,70,-31.95,141.43,46.4,6.93
481,nhlangano,0,SZ,1590356700,62,-27.12,31.2,50.94,3.4
482,narsaq,6,GL,1590356700,30,60.92,-46.05,55.4,11.41
483,gravdal,42,NO,1590356701,82,68.12,13.5,46.24,11.07
484,beckley,1,US,1590356701,60,37.78,-81.19,78.01,5.82
485,sandnessjoen,40,NO,1590356701,62,66.02,12.63,51.8,4.7
486,ossora,29,RU,1590356702,80,59.24,163.07,38.32,2.42
487,jati,19,PK,1590356702,80,24.35,68.27,80.8,14.85
488,sofia,50,BG,1590356643,81,42.7,23.32,51.8,10.29
489,villazon,0,BO,1590356702,32,-22.09,-65.59,50.47,5.23
490,bilma,25,NE,1590356703,13,18.69,12.92,92.35,7.27
491,olafsvik,59,IS,1590356703,75,64.89,-23.71,44.53,10.27
492,sao jose da coroa grande,56,BR,1590356703,86,-8.9,-35.15,78.49,8.99
493,hosanagara,41,IN,1590356703,96,13.92,75.07,72.77,3.38
494,alyangula,75,AU,1590356704,93,-13.85,136.42,53.6,2.24
495,kulhudhuffushi,77,MV,1590356704,80,6.62,73.07,84.16,14.43
496,ures,0,MX,1590356704,16,29.43,-110.4,93.99,10.0
497,gat,1,IL,1590356704,76,31.61,34.76,66.99,1.01
498,valparaiso,0,CL,1590356477,26,-33.04,-71.63,86.0,17.22
499,koumac,100,NC,1590356705,87,-20.57,164.28,65.95,2.73
500,marsa matruh,0,EG,1590356705,63,31.35,27.25,67.19,11.01
501,back mountain,94,US,1590356705,61,41.34,-76.0,73.0,3.0
502,bac lieu,100,VN,1590356706,76,9.29,105.72,83.62,6.06
503,aranos,0,NA,1590356706,32,-24.13,19.12,60.04,14.2
504,derzhavinsk,0,KZ,1590356706,45,51.1,66.32,73.08,9.51
505,vangaindrano,33,MG,1590356707,88,-23.35,47.6,68.59,5.75
506,sarti,80,GR,1590356707,68,40.1,23.98,63.73,2.15
507,kathu,40,TH,1590356707,100,7.92,98.33,77.0,2.24
508,kizema,100,RU,1590356707,91,61.11,44.83,43.83,10.42
509,itainopolis,45,BR,1590356708,82,-7.45,-41.48,77.36,4.29
510,chilliwack,86,CA,1590356708,58,49.17,-121.94,66.99,1.01
511,te anau,79,NZ,1590356708,85,-45.42,167.72,49.17,3.71
512,sultanpur,100,IN,1590356708,17,26.27,82.07,91.42,7.76
513,mariveles,40,PH,1590356709,88,14.48,120.48,82.4,5.82
514,port keats,48,AU,1590356709,46,-14.25,129.55,60.62,9.46
515,san ignacio,8,BZ,1590356709,44,17.16,-89.07,98.6,6.93
516,kazachinskoye,82,RU,1590356710,83,57.7,93.28,58.37,7.49
517,repino,84,RU,1590356710,46,60.17,29.87,50.0,4.47
518,oxford,98,GB,1590356710,67,51.75,-1.26,59.0,3.36
519,klaksvik,100,FO,1590356711,100,62.23,-6.59,48.2,10.29
520,illela,78,NG,1590356711,26,13.73,5.3,92.64,4.0
521,dong hoi,90,VN,1590356711,78,17.48,106.6,80.89,5.7
522,riverton,1,US,1590356640,39,40.52,-111.94,62.6,10.29
523,juruti,18,BR,1590356712,90,-2.15,-56.09,78.66,2.44
524,timmins,75,CA,1590356694,68,48.47,-81.33,71.6,9.17
525,moissac,0,FR,1590356712,71,44.1,1.09,62.6,2.24
526,wanning,59,CN,1590356712,87,18.8,110.4,79.05,7.11
527,grants pass,1,US,1590356713,26,42.44,-123.33,78.8,4.7
528,portland,40,US,1590356558,37,45.52,-122.68,75.0,3.36
529,miyang,22,CN,1590356713,87,24.4,103.44,64.9,2.59
530,lakatoro,40,VU,1590356714,88,-16.1,167.42,77.0,9.28
531,prince rupert,90,CA,1590356628,93,54.32,-130.32,50.0,5.82
532,puerto escondido,5,MX,1590356714,74,15.85,-97.07,86.0,13.87
533,diamantino,100,BR,1590356714,75,-14.41,-56.45,64.08,4.85
534,zaraza,65,VE,1590356715,36,9.35,-65.32,93.11,6.22
535,monheim,83,DE,1590356715,90,51.08,6.88,57.99,1.99
536,sola,15,VU,1590356716,80,-13.88,167.55,79.63,16.51
537,sangueya,44,GN,1590356716,82,10.7,-14.37,78.82,4.23
538,makungu,28,TZ,1590356716,90,-8.73,35.28,58.44,2.24
539,daru,88,PG,1590356716,88,-9.08,143.21,78.85,9.8
540,neyshabur,0,IR,1590356716,22,36.21,58.8,72.07,2.46
541,sampit,37,ID,1590356706,97,-2.53,112.95,74.43,0.94
542,luchenza,0,MW,1590356717,84,-16.01,35.31,57.94,2.42
543,launceston,40,AU,1590356420,93,-41.45,147.17,37.99,6.93
544,road town,20,VG,1590356553,70,18.42,-64.62,86.0,6.93
545,caconda,33,AO,1590356718,51,-13.73,15.07,58.3,2.21
546,ranong,100,TH,1590356718,82,9.97,98.63,81.57,3.47
547,port augusta,0,AU,1590356718,93,-32.5,137.77,39.2,5.82
548,haapiti,40,PF,1590356718,66,-17.57,-149.87,86.0,5.82
549,bayan,55,CN,1590356494,66,46.08,127.4,53.01,12.28
550,bafq,0,IR,1590356719,14,31.61,55.41,83.52,6.2
551,moron,100,AR,1590356719,52,-34.65,-58.62,61.0,7.0
552,mabaruma,98,GY,1590356720,76,8.2,-59.78,79.86,5.99
553,bambanglipuro,78,ID,1590356720,86,-7.95,110.28,77.27,3.04
554,tacuarembo,66,UY,1590356489,89,-31.73,-55.98,50.36,6.89
555,chernyshevskiy,41,RU,1590356721,50,63.01,112.47,64.92,2.62
556,monte santo de minas,100,BR,1590356721,99,-21.19,-46.98,49.8,3.06
557,kalemie,0,CD,1590356721,77,-5.95,29.19,69.37,2.33
